{
    "data":[
        {
            "projectId": 1,
            "id": 1,
            "name": "Nº 43",
            "price": "145 m²",
            "floor": "4ºPiso",
            "type": "Mixto",
            "image": [
                {
                    "path": "assets/img/departments/department-Adina-01.jpg",
                    "place": "Sala",
                    "description": "Amueblamiento muy cómodo y de buena calidad"
                },
                {
                    "path": "assets/img/departments/department-Adina-02.jpg",
                    "place": "Mesa de Estar",
                    "description": "Lugar agradable para tener una buena velada"
                },
                {
                    "path": "assets/img/departments/department-Adina-03.jpg",
                    "place": "Baño",
                    "description": "Todo lo indispensable para el aseo y cuidado personal"
                },
                {
                    "path": "assets/img/departments/department-Adina-04.jpg",
                    "place": "Cocina",
                    "description": "Todo lo necesario para cocinar ricas comidas"
                },
                {
                    "path": "assets/img/departments/department-Adina-05.jpg",
                    "place": "Dormitorio",
                    "description": "Descansa tranquilo y ten hermosos sueños"
                }
            ]
        },
        {
            "projectId": 1,
            "id": 2,
            "name": "Nº 13",
            "price": "185 m²",
            "floor": "2ºPiso",
            "type": "Duplex",
            "image": [
                {
                    "path": "assets/img/departments/department-Boulogne-01.jpg",
                    "place": "Sala",
                    "description": "Amueblamiento muy cómodo y de buena calidad"
                }
            ]
        },
        {
            "projectId": 1,
            "id": 3,
            "name": "Nº 33",
            "price": "85 m²",
            "floor": "1ºPiso",
            "type": "Estudio",
            "image": [
                {
                    "path": "assets/img/departments/department-Collings-01.jpg",
                    "place": "Sala",
                    "description": "Amueblamiento muy cómodo y de buena calidad"
                }
            ]
        },
        {
            "projectId": 2,
            "id": 4,
            "name": "Nº 13",
            "price": "285 m²",
            "floor": "7ºPiso",
            "type": "Duplex",
            "image": [
                {
                    "path": "assets/img/departments/department-Boulogne-01.jpg",
                    "place": "Sala",
                    "description": "Amueblamiento muy cómodo y de buena calidad"
                }
            ]
        },
        {
            "projectId": 3,
            "id": 5,
            "name": "Nº 13",
            "price": "285 m²",
            "floor": "7ºPiso",
            "type": "Duplex",
            "image": [
                {
                    "path": "assets/img/departments/department-Collings-01.jpg",
                    "place": "Sala",
                    "description": "Amueblamiento muy cómodo y de buena calidad"
                }
            ]
        },
        {
            "projectId": 4,
            "id": 6,
            "name": "Nº 13",
            "price": "285 m²",
            "floor": "7ºPiso",
            "type": "Duplex",
            "image": [
                {
                    "path": "assets/img/departments/department-PacificHighway-01.jpg",
                    "place": "Sala",
                    "description": "Amueblamiento muy cómodo y de buena calidad"
                }
            ]
        },
        {
            "projectId": 5,
            "id": 7,
            "name": "Nº 13",
            "price": "285 m²",
            "floor": "7ºPiso",
            "type": "Duplex",
            "image": [
                {
                    "path": "assets/img/departments/department-Thomas-01.jpg",
                    "place": "Sala",
                    "description": "Amueblamiento muy cómodo y de buena calidad"
                }
            ]
        },
        {
            "projectId": 6,
            "id": 8,
            "name": "Nº 13",
            "price": "300 m²",
            "floor": "7ºPiso",
            "type": "Flat",
            "image": [
                {
                    "path": "assets/img/departments/department-Timber-01.jpg",
                    "place": "Sala",
                    "description": "Amueblamiento muy cómodo y de buena calidad"
                }
            ]
        }
    ]
}